[
  {
    "firstname": "Parker",
    "lastname": "Lubowitz",
    "username": "Patton Down DeHatches",
    "password": "DmFPPuM9",
    "email": "lanette.cronin.dvm@yahoo.com"
  },
  {
    "firstname": "Gray",
    "lastname": "Buckridge",
    "username": "Misty Shore",
    "password": "ztThfXcB",
    "email": "granville.rempel.lld@hotmail.com"
  },
  {
    "firstname": "Armani",
    "lastname": "Bartoletti",
    "username": "Evan Lee Arps",
    "password": "yyOyZxyf",
    "email": "clifford.grant@gmail.com"
  },
  {
    "firstname": "Spencer",
    "lastname": "Hilpert",
    "username": "Annie Matter",
    "password": "N34V2V7e",
    "email": "ladonna.rutherford@hotmail.com"
  },
  {
    "firstname": "Quinn",
    "lastname": "Littel",
    "username": "Annette Curtain",
    "password": "Z0fjMj3a",
    "email": "rev.lanie.brakus@yahoo.com"
  },
  {
    "firstname": "Briar",
    "lastname": "McDermott",
    "username": "Anita Bath",
    "password": "QpwCyfoD",
    "email": "ema.walsh@hotmail.com"
  },
  {
    "firstname": "Jordan",
    "lastname": "Reilly",
    "username": "Missy Sippy",
    "password": "xyaeqYbq",
    "email": "chiquita.kub@hotmail.com"
  },
  {
    "firstname": "Drew",
    "lastname": "Fahey",
    "username": "Iona Ford",
    "password": "FdEaLUps",
    "email": "dick.mayert.esq@gmail.com"
  },
  {
    "firstname": "Quinn",
    "lastname": "Ernser",
    "username": "Max Little",
    "password": "5Gg1RjUH",
    "email": "myrtle.kulas.cpa@yahoo.com"
  },
  {
    "firstname": "Justice",
    "lastname": "Ratke",
    "username": "Brock Lee",
    "password": "dvfUErtM",
    "email": "msgr.oralee.marvin@hotmail.com"
  },
  {
    "firstname": "Alexis",
    "lastname": "Wehner",
    "username": "Jed I. Knight",
    "password": "f2yBeOyf",
    "email": "fr.mayme.luettgen@hotmail.com"
  }
]